{"cameraMode":{"drawMode":0,"name":"Shaded","section":"Shading Mode"},"sceneLighting":true,"audioPlay":false,"sceneViewState":{"m_AlwaysRefresh":false,"showFog":true,"showSkybox":false,"showFlares":true,"showImageEffects":true,"showParticleSystems":true,"showVisualEffectGraphs":true,"m_FxEnabled":true},"in2DMode":false,"pivot":{"x":-19.547666549682618,"y":-10.036693572998047,"z":-4.116123676300049},"rotation":{"x":0.0034136532340198757,"y":0.7032621502876282,"z":-0.7109145522117615,"w":0.0033762287348508837},"size":29.914413452148439,"orthographic":false}