{"cameraMode":{"drawMode":0,"name":"Shaded","section":"Shading Mode"},"sceneLighting":true,"audioPlay":false,"sceneViewState":{"m_AlwaysRefresh":false,"showFog":true,"showSkybox":false,"showFlares":true,"showImageEffects":true,"showParticleSystems":true,"showVisualEffectGraphs":true,"m_FxEnabled":true},"in2DMode":false,"pivot":{"x":6.0229878425598148,"y":1.3467068672180176,"z":13.213013648986817},"rotation":{"x":0.10026434808969498,"y":0.6100186705589294,"z":-0.0782015472650528,"w":0.7821211814880371},"size":4.703784942626953,"orthographic":false}