{"cameraMode":{"drawMode":0,"name":"Shaded","section":"Shading Mode"},"sceneLighting":true,"audioPlay":false,"sceneViewState":{"m_AlwaysRefresh":false,"showFog":true,"showSkybox":true,"showFlares":true,"showImageEffects":true,"showParticleSystems":true,"showVisualEffectGraphs":true,"m_FxEnabled":true},"in2DMode":false,"pivot":{"x":-2.2290685176849367,"y":0.36117106676101687,"z":-1.9371627569198609},"rotation":{"x":0.020017465576529504,"y":-0.9642033576965332,"z":0.07623212039470673,"w":0.2531938850879669},"size":9.865304946899414,"orthographic":false}