{"cameraMode":{"drawMode":0,"name":"Shaded","section":"Shading Mode"},"sceneLighting":true,"audioPlay":false,"sceneViewState":{"m_AlwaysRefresh":false,"showFog":true,"showSkybox":false,"showFlares":true,"showImageEffects":true,"showParticleSystems":true,"showVisualEffectGraphs":true,"m_FxEnabled":true},"in2DMode":false,"pivot":{"x":3.7903389930725099,"y":7.284055709838867,"z":10.687742233276368},"rotation":{"x":0.3062073886394501,"y":-0.29330968856811526,"z":0.09977755695581436,"w":0.9001385569572449},"size":11.204815864562989,"orthographic":true}