{"cameraMode":{"drawMode":0,"name":"Shaded","section":"Shading Mode"},"sceneLighting":true,"audioPlay":false,"sceneViewState":{"m_AlwaysRefresh":false,"showFog":true,"showSkybox":false,"showFlares":true,"showImageEffects":true,"showParticleSystems":true,"showVisualEffectGraphs":true,"m_FxEnabled":true},"in2DMode":false,"pivot":{"x":-3.6709024906158449,"y":10.820825576782227,"z":-11.881117820739746},"rotation":{"x":0.09786619246006012,"y":-0.8651449680328369,"z":0.1867295205593109,"w":0.4551513195037842},"size":0.40601909160614016,"orthographic":false}