{"cameraMode":{"drawMode":0,"name":"Shaded","section":"Shading Mode"},"sceneLighting":true,"audioPlay":false,"sceneViewState":{"m_AlwaysRefresh":false,"showFog":true,"showSkybox":false,"showFlares":true,"showImageEffects":true,"showParticleSystems":true,"showVisualEffectGraphs":true,"m_FxEnabled":true},"in2DMode":false,"pivot":{"x":12.266040802001954,"y":17.157264709472658,"z":12.147974967956543},"rotation":{"x":-0.1899796426296234,"y":0.7008258104324341,"z":-0.20258571207523347,"w":-0.6571551561355591},"size":1.0590733289718629,"orthographic":false}