{"cameraMode":{"drawMode":0,"name":"Shaded","section":"Shading Mode"},"sceneLighting":true,"audioPlay":false,"sceneViewState":{"m_AlwaysRefresh":false,"showFog":true,"showSkybox":true,"showFlares":true,"showImageEffects":true,"showParticleSystems":true,"showVisualEffectGraphs":true,"m_FxEnabled":true},"in2DMode":false,"pivot":{"x":-1.5747308731079102,"y":11.906562805175782,"z":-18.779714584350587},"rotation":{"x":0.32403436303138735,"y":-0.005675924010574818,"z":0.0019448527600616217,"w":0.9460163712501526},"size":3.6060192584991457,"orthographic":false}